Marker	PIC
S1H_370764	0.196172207297398
S1H_1447100	0.556802724766656
S1H_1447177	0.261985835105511
S1H_2431972	0.38849339606984
S1H_2581466	0.330031939337265
S1H_2927030	0.354085499106353
S1H_3517618	0.487304194386267
S1H_4612711	0.452733876836269
S1H_4818699	0.209634923167495
S1H_4818751	0.406265136968004
S1H_4852730	0.418668871920239
S1H_4965368	0.336832070623427
S1H_5483665	0.381526723893718
S1H_5843326	0.327883913369554
S1H_6910254	0.539492480296925
S1H_6930795	0.521978516301248
S1H_7749931	0.397069126182052
S1H_7835718	0.319934308336749
S1H_7841753	0.367933930590906
S1H_7841767	0.414521371976554
S1H_8012296	0.374500323188516
S1H_8012319	0.256486536661884
S1H_8217185	0.255594459849831
S1H_8493987	0.180604813775507
S1H_8508546	0.540394264188987
S1H_8660127	0.406929091189461
S1H_9433593	0.125339383225653
S1H_9704872	0.349792895247978
S1H_9797859	0.337779467946258
S1H_10265635	0.560582249834471
S1H_10756169	0.254941583446403
S1H_11982385	0.403537851041839
S1H_12046027	0.281195222725905
S1H_13688800	0.337738043865407
S1H_13713159	0.408993711421879
S1H_14387522	0.415616825311568
S1H_16532492	0.443056296717783
S1H_18463217	0.237399225980013
S1H_18678006	0.481380151047248
S1H_19438537	0.387978228750986
S1H_19438600	0.390382665617904
S1H_19883546	0.386131086232879
S1H_19884277	0.435552135064162
S1H_19884280	0.491660547244298
S1H_20268499	0.246041260724209
S1H_21112088	0.439608411564663
S1H_21791336	0.262936325612485
S1H_21791390	0.244579230704323
S1H_21792234	0.222897088663891
S1H_23202076	0.432800545120633
S1H_23273886	0.229986889250947
S1H_23638520	0.341529859374555
S1H_29188436	0.235132826338253
S1H_30303270	0.40185377658013
S1H_33425054	0.345216036673738
S1H_33677916	0.2245982978604
S1H_33788314	0.406315175338979
S1H_34646752	0.487932866987378
S1H_34684992	0.244610185773557
S1H_36662622	0.320883847671286
S1H_38459587	0.139128895077922
S1H_39446243	0.373539709985103
S1H_41665396	0.502027569328154
S1H_42140170	0.40543600945227
S1H_42140210	0.399602440937293
S1H_45234262	0.312535039246432
S1H_48658842	0.234896022767817
S1H_50958210	0.148208519335313
S1H_54633073	0.411702903096631
S1H_55384282	0.406666430119805
S1H_55554811	0.355475727932467
S1H_56456514	0.260489575935596
S1H_63067917	0.300052744381076
S1H_64978766	0.476853781663071
S1H_68910398	0.141028338979886
S1H_69176376	0.267057044040244
S1H_70128813	0.354653903906778
S1H_70234924	0.379820200751866
S1H_74645768	0.402232118108136
S1H_74645821	0.433420518546079
S1H_78910924	0.406421004318477
S1H_79021620	0.357814741019448
S1H_84433920	0.38781488926468
S1H_94462413	0.278491432620965
S1H_128844053	0.203055513166053
S1H_160400259	0.287236063645035
S1H_170634295	0.393114548017616
S1H_248999432	0.227949325807355
S1H_263619937	0.499112832515036
S1H_274429841	0.138346753769247
S1H_323279410	0.420198919060424
S1H_329459644	0.204954361552838
S1H_331010296	0.382711650305709
S1H_333195973	0.124859704730247
S1H_336616637	0.343754019329357
S1H_337014426	0.271828917168427
S1H_337773472	0.331796771351645
S1H_339812209	0.388212305453002
S1H_347595602	0.173556490540393
S1H_349837207	0.320775784427035
S1H_356301952	0.402128696519131
S1H_359981296	0.542771477680796
S1H_361585443	0.206498915776547
S1H_369968653	0.382866657271783
S1H_370916321	0.380254748080186
S1H_372806200	0.35683068609395
S1H_380921565	0.253261671645985
S1H_387360882	0.350382940044072
S1H_387543271	0.242322256882249
S1H_389442490	0.152392032596579
S1H_389580942	0.440472395444984
S1H_390614995	0.155495502943093
S1H_391531413	0.318620802346056
S1H_394968614	0.370687270412306
S1H_395943290	0.218301221673181
S1H_396242650	0.38785329007837
S1H_396680836	0.345216036673738
S1H_396737753	0.335309296696453
S1H_396738579	0.486229600431153
S1H_398712553	0.174740538181073
S1H_402426661	0.426751320788164
S1H_402616462	0.30342598643702
S1H_404327225	0.549021359948286
S1H_404881432	0.487080305923879
S1H_404881467	0.365388227047702
S1H_407667960	0.520492806463612
S1H_410378698	0.222571315873105
S1H_415357908	0.369731621420705
S1H_419542148	0.30936801209234
S1H_421173655	0.52471364312065
S1H_421778105	0.234456777476982
S1H_422081439	0.313908668235561
S1H_422265744	0.309202118481179
S1H_422754229	0.27695882812866
S1H_427156006	0.358434864427753
S1H_427156028	0.358434864427753
S1H_427831141	0.258198559210611
S1H_428447519	0.230542998578057
S1H_429216957	0.415678982993941
S1H_431640886	0.521702929167831
S1H_431902146	0.50134238034501
S1H_434583671	0.37389713877719
S1H_435537057	0.207142860301572
S1H_435723575	0.221677181064376
S1H_439750929	0.132993426291555
S1H_439751064	0.397169371633485
S1H_440043152	0.174131943749598
S1H_441986769	0.389530403394826
S1H_443187627	0.152351074197218
S1H_443187685	0.149183472802413
S1H_443187766	0.136841870500023
S1H_448575108	0.151370218806957
S1H_449165753	0.26245350802935
S1H_449362396	0.182451537258832
S1H_452900221	0.295341524881511
S1H_453534929	0.321644547652132
S1H_453721514	0.13736970909862
S1H_455163684	0.505825895927817
S1H_455174735	0.31696052080497
S1H_455174823	0.538063096093018
S1H_455261294	0.122034728793889
S1H_458431720	0.324680427641577
S1H_459434859	0.310090180916239
S1H_459710228	0.33946194733262
S1H_461308427	0.475207273915871
S1H_461738349	0.497484635245953
S1H_463543302	0.383123730842989
S1H_464184672	0.420667865713266
S1H_464838834	0.440191867030315
S1H_465451622	0.231899048743842
S1H_466627333	0.396662794081793
S1H_466846702	0.171169088087068
S1H_466847237	0.368505832578
S1H_472135184	0.162251039361296
S1H_473402982	0.396642458410442
S1H_475936675	0.108683400674841
S1H_476880925	0.473483122607505
S1H_477082734	0.185165519722409
S1H_477617774	0.382029214539899
S1H_477890835	0.420494748635473
S1H_478184414	0.2304890811841
S1H_478243633	0.552591908616434
S1H_478631271	0.543767409618093
S1H_479022594	0.231292139177847
S1H_479444332	0.2619274850429
S1H_479550343	0.246650978179942
S1H_480462227	0.339988506533269
S1H_480600296	0.332329803573831
S1H_480998074	0.337583238964291
S1H_481032084	0.163121029626224
S1H_481103304	0.184396480660643
S1H_481107088	0.201397027342728
S1H_481107156	0.204371470072843
S1H_481884624	0.267793615061578
S1H_482187525	0.380877069319129
S1H_482681843	0.33651485076228
S1H_482841239	0.260396400910528
S1H_484080199	0.139626339981405
S1H_484409640	0.457778537212595
S1H_484662495	0.165874209422028
S1H_484844826	0.353495341865579
S1H_485266747	0.318804387140314
S1H_486661546	0.389007051542792
S1H_486701517	0.267809055376496
S1H_487060828	0.342580503398394
S1H_491164965	0.393545114090866
S1H_491766558	0.51625596425331
S1H_491822109	0.275925494746753
S1H_492348282	0.249012879598121
S1H_492799551	0.3469370038613
S1H_492873246	0.214529619199342
S1H_492957077	0.27790599026461
S1H_493469307	0.381884577559387
S1H_493650056	0.393686857637907
S1H_493832848	0.105747487169561
S1H_494649416	0.243171929140853
S1H_494875372	0.238293669056172
S1H_494875519	0.274672395159252
S1H_495244562	0.406957301067058
S1H_495244692	0.540713185688897
S1H_497289184	0.29301392771095
S1H_497289251	0.257944014816658
S1H_497869556	0.250069807381436
S1H_498140689	0.335847871384014
S1H_498294419	0.263290022073487
S1H_498546554	0.223768585211936
S1H_500655856	0.349543055568316
S1H_501686631	0.342394884557158
S1H_501923871	0.422234879148189
S1H_501925036	0.345720829208597
S1H_502932077	0.454833782935432
S1H_503289296	0.53687211769008
S1H_503309806	0.320337422217609
S1H_503351144	0.272065706662046
S1H_503603729	0.218097616439099
S1H_504810662	0.338765091322174
S1H_505073671	0.247060557417586
S1H_505662110	0.287737081809447
S1H_506303596	0.319539530585561
S1H_506887812	0.197161977771548
S1H_508117836	0.232390023385947
S1H_508123170	0.146744409088846
S1H_508914051	0.304920240350551
S1H_508960117	0.478971045517978
S1H_508960188	0.322095575833301
S1H_511167293	0.112550196063173
S1H_511396202	0.242210365869067
S1H_512160042	0.197022721893198
S1H_512204677	0.311135659279035
S1H_513349162	0.265290263565083
S1H_513429181	0.285173566634002
S1H_513441666	0.377208901513209
S1H_513688794	0.328539826076592
S1H_514304948	0.436144392510831
S1H_514304967	0.407266305672318
S1H_514337478	0.410728413654925
S1H_515300482	0.45525384738471
S1H_515311190	0.471655306412627
S1H_515349208	0.390420229253773
S1H_515790741	0.486418190075275
S1H_516193568	0.418867859767252
S1H_516206227	0.15880788983626
S1H_517916616	0.449746785374796
S1H_517983657	0.484443478579274
S1H_518772469	0.332005543924098
S1H_518772515	0.2304890811841
S1H_519134875	0.279511854971367
S1H_519947064	0.429575033802608
S1H_520583938	0.344252209624718
S1H_521672572	0.342331614742545
S1H_521919976	0.232363694345206
S2H_388087	0.249347520741161
S2H_388096	0.426759275994496
S2H_1123645	0.234019616361883
S2H_1124817	0.478224416387952
S2H_1229541	0.324428461534498
S2H_1231672	0.317265474853907
S2H_1231722	0.470305331826543
S2H_1802596	0.377439671118668
S2H_2338271	0.364083255918214
S2H_2674227	0.166166471935893
S2H_3370815	0.264576091965648
S2H_3503293	0.257383774379012
S2H_4628513	0.174515232482584
S2H_4712890	0.476641494090301
S2H_5061154	0.438799059428991
S2H_5084777	0.508433717683104
S2H_5369940	0.395426448687928
S2H_5406242	0.387728749611942
S2H_8129544	0.318906153822191
S2H_9430832	0.47873780682183
S2H_9904542	0.416483832628906
S2H_9914350	0.29403028052362
S2H_10064672	0.377235592347256
S2H_10204944	0.320504639877618
S2H_10311850	0.320664725071353
S2H_10423736	0.347847185795551
S2H_10667604	0.484635682377159
S2H_10968983	0.444274860076817
S2H_11114189	0.267398850219447
S2H_11223200	0.32821933977817
S2H_11570874	0.308104237500343
S2H_11762723	0.279651807896327
S2H_11852654	0.275826985287462
S2H_11863583	0.434622157940392
S2H_11986309	0.346707701811787
S2H_11986969	0.345272298760088
S2H_11986984	0.153346495377487
S2H_11997674	0.158200163199151
S2H_11998155	0.424970152723185
S2H_12245999	0.289314073605663
S2H_12884781	0.358460495169197
S2H_15202781	0.503993044924722
S2H_15538457	0.496841384073169
S2H_15716643	0.390435684643412
S2H_15716669	0.38337485565324
S2H_15749695	0.391168795910098
S2H_16156464	0.271442630816537
S2H_16162978	0.356013987197413
S2H_16207206	0.335536616016735
S2H_16539689	0.2568404321729
S2H_16753777	0.295301263571223
S2H_16753787	0.297846777130478
S2H_16820052	0.321102341612886
S2H_17703244	0.344662422765
S2H_17803147	0.313090148588733
S2H_19538904	0.283567484277997
S2H_20453949	0.236813297984087
S2H_20756556	0.504366022336167
S2H_20756620	0.291087035353429
S2H_20871596	0.358271078666008
S2H_21299260	0.35803926535905
S2H_21299350	0.153446272026325
S2H_21405606	0.234232918314757
S2H_21468030	0.225621692563624
S2H_22169343	0.197443206736107
S2H_22700274	0.560196196673655
S2H_23205142	0.236870925139511
S2H_23290634	0.385831634159889
S2H_23511119	0.418937476379154
S2H_23779904	0.374598796510942
S2H_23779937	0.135680491057149
S2H_23851974	0.357714474336014
S2H_24024685	0.322621545336339
S2H_25248227	0.362542548933183
S2H_25400693	0.464808546508776
S2H_25855310	0.296679714305435
S2H_26410250	0.380312236760496
S2H_28169622	0.290999067328111
S2H_28172719	0.405733327475554
S2H_28172741	0.294881666289674
S2H_28683268	0.391701280431573
S2H_29458288	0.327217456319757
S2H_29794822	0.212455068865971
S2H_30627970	0.105440257963037
S2H_31101141	0.290573568675433
S2H_31110717	0.325882531082515
S2H_31116290	0.259813855427229
S2H_32935694	0.421807154362615
S2H_33897907	0.246436729513351
S2H_33970541	0.367077218840965
S2H_34901873	0.215247858404399
S2H_35381185	0.424194917144238
S2H_36380892	0.32831766040004
S2H_36387248	0.296971523537299
S2H_37560576	0.384785009778579
S2H_38268782	0.228998157127832
S2H_39012672	0.511404697240218
S2H_39483739	0.525412399819873
S2H_39483746	0.520359719203593
S2H_40257373	0.383362671881483
S2H_41298076	0.389507872652998
S2H_41434033	0.135110120958966
S2H_41811278	0.335622813696534
S2H_42220679	0.303410927172833
S2H_44393940	0.248604600947962
S2H_44821104	0.305025220538324
S2H_47268746	0.37030251291315
S2H_47805365	0.533784269765362
S2H_53663124	0.369634164155713
S2H_53665808	0.368105717207788
S2H_54148853	0.149878978308939
S2H_54463912	0.292444982768406
S2H_56515397	0.385658529587746
S2H_57362324	0.265552747729702
S2H_57390033	0.29403028052362
S2H_57390128	0.413422412006633
S2H_57398946	0.3146598300582
S2H_57898181	0.197958772558397
S2H_59667375	0.406168887209403
S2H_59670873	0.487463003791495
S2H_60753739	0.228998157127832
S2H_60937274	0.432809500609021
S2H_64084453	0.183535085449645
S2H_64301816	0.41331234129787
S2H_64936949	0.286006276221945
S2H_65458925	0.118705986868712
S2H_66792567	0.344518095601853
S2H_75596053	0.405350765535213
S2H_75687747	0.145559942307223
S2H_80628567	0.287605030310159
S2H_86195492	0.43803884417474
S2H_91453218	0.30577429404499
S2H_94536623	0.248070584856057
S2H_102259251	0.395900807441655
S2H_106195347	0.52136624737466
S2H_108891208	0.267088865714852
S2H_108891233	0.264350351796711
S2H_108896000	0.388882384193923
S2H_112763271	0.405214483262372
S2H_122056232	0.349049305861146
S2H_125579596	0.363583532905896
S2H_134398478	0.268986715624301
S2H_136446400	0.295379854822779
S2H_148178253	0.204766161707033
S2H_149759276	0.352883633973399
S2H_155786613	0.270144197954527
S2H_157008172	0.214435676934667
S2H_159747781	0.419737388873107
S2H_168591465	0.530737191338888
S2H_169365814	0.379899888020573
S2H_186076761	0.238013483389704
S2H_216446387	0.236441981870602
S2H_216447390	0.226805125368004
S2H_295864206	0.39698601716398
S2H_351344410	0.301687375392494
S2H_353551245	0.326753628978499
S2H_371626326	0.260767023332059
S2H_375792452	0.221760320146963
S2H_383655606	0.3940106657042
S2H_398236883	0.290598113654782
S2H_401166888	0.158994220862524
S2H_432108038	0.276742203962043
S2H_432399191	0.134122406209668
S2H_452317724	0.381068470526125
S2H_459278142	0.416587342033469
S2H_461419155	0.292125083195114
S2H_466466566	0.219623893157989
S2H_467734461	0.382976102358389
S2H_469538359	0.375832854814834
S2H_479416127	0.464825398433316
S2H_480958494	0.324882789168704
S2H_486892411	0.338494175908516
S2H_487674922	0.309183528865938
S2H_492696136	0.266114014161359
S2H_492956857	0.119241835876845
S2H_502148204	0.433869626313942
S2H_510850357	0.113591328150328
S2H_517473745	0.413918281389442
S2H_518732381	0.391033943506401
S2H_519464258	0.484930324913467
S2H_520894676	0.226120384210237
S2H_528933974	0.334490952149943
S2H_530069422	0.122034728793889
S2H_533635205	0.187027862824905
S2H_542416557	0.427077334095063
S2H_543425265	0.175234214765229
S2H_545452030	0.518532842885728
S2H_546775362	0.395860437933088
S2H_548977919	0.387528416569008
S2H_552176445	0.252912690727594
S2H_557527313	0.336876759888865
S2H_558760127	0.391730368783232
S2H_559241828	0.132411367169716
S2H_563146556	0.148208519335313
S2H_563451574	0.552274563911118
S2H_563852061	0.280041439923321
S2H_563979548	0.311926736988529
S2H_564704082	0.284326955499218
S2H_565112257	0.135733498681073
S2H_565205610	0.388165833697341
S2H_565560542	0.544715239967595
S2H_567231912	0.377462360314923
S2H_567466346	0.320747519877035
S2H_567946606	0.141028338979886
S2H_570392071	0.45434099990006
S2H_570894820	0.248978198567403
S2H_577908945	0.281054664497813
S2H_579215776	0.281626026321556
S2H_579455794	0.337393794817037
S2H_580789394	0.278356837209414
S2H_583175416	0.188395455258752
S2H_583708084	0.527687345618263
S2H_583708163	0.382059309628143
S2H_584068949	0.358144607276433
S2H_584838164	0.409892351809956
S2H_585253936	0.136841870500023
S2H_585253940	0.140084444533899
S2H_586993352	0.467518488947103
S2H_587282271	0.365143723054952
S2H_589823935	0.253363047977515
S2H_590728689	0.405875072763619
S2H_590802643	0.405247460807144
S2H_591154102	0.446736502580232
S2H_593840375	0.175269277695959
S2H_595377427	0.145524914430528
S2H_596057722	0.394079132964163
S2H_596063648	0.298142868772122
S2H_596113756	0.365767809862214
S2H_597104393	0.502113596982084
S2H_597899405	0.441100704214517
S2H_597918308	0.101592887308262
S2H_598018782	0.527658750358607
S2H_598319520	0.325486697548819
S2H_599332376	0.343334248794675
S2H_599335187	0.359478336387637
S2H_599356052	0.424741923760261
S2H_599387641	0.314836298119098
S2H_599493480	0.367598536497396
S2H_599922376	0.515848549894237
S2H_600205589	0.302811113554069
S2H_600207632	0.309159084950917
S2H_601751826	0.458230761519803
S2H_602061849	0.221660081341146
S2H_602268225	0.108683400674841
S2H_602268273	0.330681660346786
S2H_602342658	0.23607251973549
S2H_602800188	0.189439899559377
S2H_603326201	0.37462191631342
S2H_603326967	0.211487826691969
S2H_604028207	0.462653259366399
S2H_604946507	0.135733498681073
S2H_606720248	0.246947242289134
S2H_606730606	0.406526681935036
S2H_606792713	0.422212242437441
S2H_607199776	0.21456248446929
S2H_608016393	0.355945491571496
S2H_608105914	0.158942274923604
S2H_608486250	0.207059315029565
S2H_609268742	0.349465622628604
S2H_609496048	0.273204310451955
S2H_609631780	0.394590363041885
S2H_611169831	0.376937980154591
S2H_611170469	0.18991411580391
S2H_611170491	0.173650918656959
S2H_611415605	0.424911920307093
S2H_611415659	0.420777772234961
S2H_612838067	0.309136206301511
S2H_613006374	0.388347382194028
S2H_613974026	0.22929253288404
S2H_615005766	0.443929777375138
S2H_615192990	0.275507551183339
S2H_615325745	0.334354163557562
S2H_615628276	0.261881389008737
S2H_615757311	0.342406087091964
S2H_616756444	0.44098284503433
S2H_616920989	0.372171914382234
S2H_617012037	0.264005420436739
S2H_617443674	0.252658924168018
S2H_617443813	0.386559639745936
S2H_617649281	0.217498382114265
S2H_618981233	0.42751242366747
S2H_619439047	0.376610237989503
S2H_619787973	0.410268835962469
S2H_620383490	0.331811817027351
S2H_620383653	0.343472721870361
S2H_620759121	0.181581613067892
S2H_621126468	0.134210921468593
S2H_621126471	0.255937448057023
S2H_621127185	0.236716807709372
S2H_621161011	0.321569885573547
S2H_621320827	0.291587003191957
S2H_622393156	0.31974182094302
S2H_622411501	0.531364137459796
S2H_622444298	0.44612664541793
S2H_623469332	0.299063652609087
S2H_624034268	0.489793121816364
S2H_624367834	0.511912346923059
S2H_624367881	0.252902170376998
S2H_624755970	0.148876060024004
S2H_625277603	0.372941025123236
S2H_625333617	0.320505375524007
S2H_626414472	0.335284967370544
S2H_626528438	0.391580854387329
S2H_627671913	0.403178894501082
S2H_627671942	0.456922500279358
S2H_627671944	0.50790079633443
S2H_628739249	0.291553634638645
S2H_629148328	0.26765259573811
S2H_629149533	0.377512148509223
S2H_629508719	0.14375153606843
S2H_629528057	0.318676361037427
S2H_629828800	0.268452860895608
S2H_631054546	0.302170734858772
S2H_631331871	0.372961571861914
S2H_631331893	0.374926154589122
S2H_631738134	0.359895522456932
S2H_633049179	0.52775635539833
S2H_633202404	0.499935686377727
S2H_633718555	0.399642770890641
S2H_633933415	0.457639272268181
S2H_633933447	0.488429977953942
S2H_634050826	0.401284618914162
S2H_634058932	0.534293056273261
S2H_634185079	0.499250560602252
S2H_635277323	0.334625156871433
S2H_636041671	0.395340365151369
S2H_636257334	0.182967481010749
S2H_636358610	0.427855691563818
S2H_636502224	0.330006837867156
S2H_637224733	0.372950605172181
S2H_637226538	0.189601074506823
S2H_637236885	0.34187361584049
S2H_637643508	0.286466609794888
S2H_638748901	0.231610421254799
S2H_639601649	0.361170556867676
S2H_640028824	0.0994633068541969
S2H_640292506	0.318777132214449
S2H_640564883	0.380084067820441
S2H_641750119	0.264984638648594
S2H_643070303	0.380785631411498
S2H_643305371	0.431173585932023
S2H_643519900	0.522193352903193
S2H_643519965	0.460552073741895
S2H_643784451	0.320583818087855
S2H_643799049	0.3747400041198
S2H_644042797	0.289649031020598
S2H_644491225	0.157232107584707
S2H_645976509	0.303109623987791
S2H_646201098	0.302284498088616
S2H_646518734	0.476472099746728
S2H_646955437	0.464102910959538
S2H_647226229	0.305265593611625
S2H_647376683	0.25680132996004
S2H_647377000	0.530339223606863
S2H_647377880	0.323256978015649
S2H_647390574	0.135751167804119
S2H_647527836	0.283037713397406
S2H_648219444	0.297688777407628
S2H_648219737	0.446304509652784
S2H_648701611	0.198584720838929
S2H_648701655	0.116427410185741
S2H_648918204	0.53682287220697
S2H_649371625	0.328123038553197
S2H_649371633	0.309690875185941
S2H_649963572	0.400303636301748
S2H_650679790	0.31734500551537
S2H_650888165	0.173048215851123
S2H_651700794	0.38904587495824
S2H_652220112	0.159048962227996
S2H_653235919	0.338675081224181
S2H_653394673	0.182688712304367
S2H_653527608	0.424062489244027
S2H_653527636	0.128857354833637
S2H_653975098	0.560589456315502
S2H_653975100	0.557842013746223
S2H_654118324	0.477265102200857
S2H_654817516	0.306592689527072
S2H_655220602	0.350240490617908
S2H_655220603	0.350240490617908
S2H_655477182	0.386974197633155
S2H_655803597	0.104951900632223
S2H_655803701	0.471665365009655
S2H_656230289	0.167249455419161
S2H_656616455	0.10687958502833
S2H_656664839	0.352368261956819
S2H_658378702	0.213126235194938
S2H_659419986	0.245644269006062
S2H_659499931	0.227844856886179
S2H_659715775	0.142085522799907
S2H_659715815	0.1900830826199
S2H_660195759	0.499408785384318
S2H_660199459	0.521234165810858
S2H_660199470	0.521859163916858
S2H_660301347	0.214452132733754
S2H_661018590	0.419661807533784
S2H_661195834	0.450869063687643
S2H_661291825	0.399546285711607
S2H_661929769	0.411339233561104
S2H_661929780	0.378548293454004
S2H_663268599	0.537246921074888
S2H_663456246	0.427909297335689
S2H_663724704	0.230760591773224
S2H_664457938	0.406666430119805
S2H_664602821	0.473524936571599
S2H_664680892	0.435018692066443
S2H_664698370	0.317857662553451
S2H_666742725	0.264996393512687
S2H_667534364	0.299026145174326
S2H_667637621	0.389635472353598
S2H_668504390	0.28498113183194
S2H_669053000	0.447185842031696
S2H_669053035	0.519917822821353
S2H_669160097	0.148128457703956
S2H_669160175	0.173607751619871
S2H_669348123	0.251731188803897
S2H_669506363	0.287527472526278
S2H_669636705	0.39303748111761
S2H_669943611	0.388385534126195
S2H_670586933	0.201395115443455
S2H_671143543	0.417646760925059
S2H_671314624	0.454244575359622
S2H_671810872	0.401793888577487
S2H_671866898	0.35189557424654
S2H_671984188	0.317898735265908
S2H_672326262	0.376399228137354
S2H_673081557	0.456893117567229
S2H_673979217	0.264089679146462
S2H_674705254	0.360130738255831
S3H_967951	0.233921627277716
S3H_2572849	0.440220824699005
S3H_2839479	0.402788119003414
S3H_2839531	0.218612376655556
S3H_3202110	0.418198538584145
S3H_4025111	0.403358297949887
S3H_4104136	0.482145399092676
S3H_4196717	0.558738311140467
S3H_4305994	0.176880154853636
S3H_4362435	0.320379195203941
S3H_5388392	0.393741816185523
S3H_5728624	0.367609492210184
S3H_5835430	0.440268712947649
S3H_6196037	0.533166997538846
S3H_6233665	0.146243751528748
S3H_7411047	0.3737465847351
S3H_8729983	0.36734278593467
S3H_8916304	0.4971862422252
S3H_8916390	0.459000153712217
S3H_8958482	0.325693333736046
S3H_9292980	0.288710636342431
S3H_10836075	0.450011426201202
S3H_11209556	0.377313543517662
S3H_11532881	0.387404845789322
S3H_11717081	0.548889288405989
S3H_12397777	0.155679011981568
S3H_13045174	0.278445594619317
S3H_13045179	0.278445594619317
S3H_13053919	0.37462191631342
S3H_13462555	0.395366845363962
S3H_14057032	0.230818647539063
S3H_14089410	0.312575664048585
S3H_14474758	0.490450408085278
S3H_15537203	0.403533179598095
S3H_16103885	0.348447867144985
S3H_16623246	0.32787499049352
S3H_17490923	0.189620127149553
S3H_18328418	0.187383410355496
S3H_18344786	0.271730089186648
S3H_18344825	0.446532982295389
S3H_19562421	0.440537001538077
S3H_19634659	0.505075729737425
S3H_19668139	0.40143314396249
S3H_19757759	0.407545717623419
S3H_20285681	0.150944755654186
S3H_20700435	0.507362171645506
S3H_21353347	0.350492300988256
S3H_21372599	0.478746356906381
S3H_22623498	0.112550196063173
S3H_22669196	0.405497646483503
S3H_23027483	0.422506372688016
S3H_23033687	0.346490312953403
S3H_24650278	0.255212106492672
S3H_24650296	0.255212106492672
S3H_24690752	0.333438815219148
S3H_26368658	0.455962244113283
S3H_26401657	0.338080753848451
S3H_28485516	0.546896289150113
S3H_28485749	0.456207838072063
S3H_28672595	0.359341092050344
S3H_31203965	0.439318598884063
S3H_31303713	0.483403619732787
S3H_31361282	0.353881928204418
S3H_32236572	0.231121194218738
S3H_32469438	0.390013579310451
S3H_32471873	0.556381176391558
S3H_35500020	0.363424782589328
S3H_35531521	0.462202544399716
S3H_36288794	0.28314207632843
S3H_36542808	0.486092903582251
S3H_36543859	0.291439491398437
S3H_37349977	0.380096766255914
S3H_37351722	0.382527822107786
S3H_39043641	0.499049993943605
S3H_39864096	0.394941419239801
S3H_45345943	0.415797567119589
S3H_47857115	0.422366162558589
S3H_47857136	0.474624314493471
S3H_47857164	0.437062037132674
S3H_59994352	0.549418849514405
S3H_64778220	0.376751137691875
S3H_69911318	0.354493262922939
S3H_72838305	0.337781683781633
S3H_73757639	0.212481200194314
S3H_73757779	0.20616040310542
S3H_73757789	0.20616040310542
S3H_74300019	0.202948900131203
S3H_74770878	0.169274030037196
S3H_76895453	0.143426461088606
S3H_82764583	0.115944057450008
S3H_92950730	0.256584008874205
S3H_97600659	0.444925452362753
S3H_98699331	0.452536747829757
S3H_106167302	0.265665291945411
S3H_106369833	0.336676236904445
S3H_106414217	0.261168123357574
S3H_120304440	0.333231049107263
S3H_122724494	0.471962251407579
S3H_142953740	0.224265148902428
S3H_142954317	0.439883380825604
S3H_145484880	0.348872399826521
S3H_152143274	0.394063347395668
S3H_153148713	0.486890658522674
S3H_153148739	0.535911293525499
S3H_160243944	0.429402049828232
S3H_162380514	0.28737002517518
S3H_165655259	0.230451296884039
S3H_171407675	0.291783758111833
S3H_187648904	0.400697211875778
S3H_199180574	0.492820895831034
S3H_199180598	0.511291749446624
S3H_201900346	0.484067733449039
S3H_207674072	0.396714318353162
S3H_216817661	0.295275507518507
S3H_255462750	0.433793447378704
S3H_263579854	0.549845007378266
S3H_335033407	0.347086732785347
S3H_351504844	0.268496151757729
S3H_358333746	0.278678932957248
S3H_358844868	0.398075532226646
S3H_369781619	0.359886248722074
S3H_375981309	0.35946475459474
S3H_380885128	0.284470038658163
S3H_389104832	0.326876750913673
S3H_389105924	0.336535158513548
S3H_405084320	0.305458054762601
S3H_406494322	0.300542897875523
S3H_408137991	0.273835065827488
S3H_410715864	0.448307150933817
S3H_410715964	0.319563365099675
S3H_415552227	0.284445754853665
S3H_415809934	0.484879586608331
S3H_416210772	0.311008859218077
S3H_421309538	0.197844877987391
S3H_421462109	0.364897558868306
S3H_423845533	0.390957257190022
S3H_429707125	0.302555533144602
S3H_431519033	0.309070093797909
S3H_442574897	0.30435729506207
S3H_444456577	0.220724099637489
S3H_446907597	0.310181690163396
S3H_447282938	0.195160378790702
S3H_449921810	0.267704680491855
S3H_451312331	0.292219072913313
S3H_454173854	0.248602298018916
S3H_454173871	0.390231623027458
S3H_454173872	0.233692115095084
S3H_457309913	0.464800356731291
S3H_461060296	0.184112575678308
S3H_461476911	0.132375941829952
S3H_462134977	0.164369685674287
S3H_462975585	0.387760015241662
S3H_466337190	0.422248229660893
S3H_467200862	0.569916533881743
S3H_467200876	0.569803154208006
S3H_467428903	0.464751363463128
S3H_468796057	0.385986491206801
S3H_470247346	0.273608847620036
S3H_471007854	0.400675950085753
S3H_471883336	0.440748036252901
S3H_471908131	0.173556490540393
S3H_473905419	0.417105796087391
S3H_475722224	0.273458007391798
S3H_486850605	0.34303623964851
S3H_494885019	0.3637991933095
S3H_500423925	0.368570899320599
S3H_501978283	0.537231323536998
S3H_506337992	0.508442256705782
S3H_507255400	0.42196503077
S3H_507909077	0.287541843512671
S3H_508119942	0.321939696359356
S3H_510702675	0.434829708887173
S3H_512173080	0.205544996089007
S3H_514487856	0.121153038379735
S3H_515909118	0.469342185220708
S3H_515924606	0.474931577225326
S3H_515960701	0.462592736441982
S3H_518190079	0.385816162145593
S3H_519274000	0.149896417914049
S3H_519699767	0.393674771363502
S3H_520001370	0.216513235248159
S3H_520014333	0.288895221418744
S3H_521189161	0.295576413389105
S3H_521457876	0.154692792984314
S3H_523649198	0.428443142722302
S3H_524122314	0.398082357487089
S3H_527549919	0.356524323662655
S3H_528609752	0.118790515649495
S3H_528695088	0.281403924468401
S3H_528985617	0.270665403845703
S3H_528985628	0.270665403845703
S3H_530001424	0.386488109982072
S3H_531205138	0.318676361037427
S3H_532690553	0.33595242421406
S3H_533535237	0.268075977984874
S3H_534939790	0.375109587362248
S3H_537167429	0.512971739147255
S3H_537393153	0.393547018070603
S3H_537787049	0.315424704144386
S3H_538196516	0.512971739147255
S3H_538268008	0.286880203749237
S3H_538518082	0.28314207632843
S3H_539492062	0.398473732810033
S3H_539674689	0.40382049501314
S3H_540267875	0.343115460152895
S3H_540378607	0.397665062433929
S3H_540674599	0.412092279320471
S3H_540760053	0.403812597387996
S3H_540760146	0.19123344401283
S3H_541973806	0.374763554995605
S3H_542247955	0.258332181899243
S3H_542352570	0.298744844572993
S3H_543132416	0.328020906850749
S3H_544225557	0.242066461880943
S3H_547942614	0.407648142837056
S3H_547949089	0.414488299630896
S3H_547954117	0.348100099189609
S3H_548812516	0.257745119265156
S3H_548954080	0.394645203773125
S3H_549181989	0.250395003914468
S3H_549577351	0.426198877017494
S3H_550562474	0.431092016488845
S3H_550848261	0.142219797650699
S3H_551793438	0.158612167301226
S3H_552550726	0.326579396435042
S3H_553455740	0.262465588040314
S3H_553569379	0.378918607417017
S3H_556130784	0.533139130982715
S3H_556130845	0.543394132347091
S3H_557250394	0.352228025605871
S3H_557460582	0.285919345443598
S3H_557460717	0.306733970152784
S3H_557471280	0.358749126756016
S3H_557622417	0.255080036585239
S3H_557890387	0.195160378790702
S3H_559161165	0.356904759005724
S3H_559207268	0.198634773987376
S3H_560638691	0.200149132249601
S3H_561285145	0.381467948617811
S3H_562888057	0.366502668140449
S3H_563048696	0.175552753622007
S3H_563805582	0.162354210901019
S3H_565492937	0.40351386244709
S3H_568067594	0.413808320683679
S3H_568264307	0.258121201347256
S3H_568265688	0.181993394318879
S3H_569860160	0.360135642529703
S3H_570003583	0.114488741158861
S3H_570575430	0.359006805226945
S3H_573230021	0.197521759706364
S3H_573288505	0.311929765351371
S3H_573521682	0.374107481562315
S3H_573521745	0.351954750382635
S3H_574813490	0.363556488941199
S3H_575185480	0.325250838441506
S3H_575277056	0.135733498681073
S3H_575817882	0.381068470526125
S3H_575881696	0.517344840551211
S3H_575915230	0.483108644724567
S3H_577192610	0.514608432826389
S3H_577319580	0.353397282121311
S3H_577319684	0.455768268377478
S3H_577838514	0.129949455784233
S3H_578613257	0.310297008127784
S3H_578715521	0.288200841993884
S3H_580116669	0.396771973619756
S3H_581098559	0.543577925894387
S3H_584504762	0.284089507516304
S3H_584975235	0.160671510595681
S3H_585014948	0.357908762437026
S3H_585879828	0.266145438712611
S3H_586326225	0.143593661253445
S3H_586326231	0.361521367623654
S3H_586604242	0.393089719824599
S3H_586604266	0.2548552683961
S3H_586836281	0.288256028785516
S3H_586836346	0.10790793390063
S3H_587565080	0.490962998369946
S3H_587635802	0.239927975536446
S3H_588304702	0.198529298011135
S3H_588995874	0.297210746876485
S3H_589099862	0.356160666356761
S3H_589575610	0.34792032749297
S3H_589575613	0.350842269598126
S3H_589878116	0.222212946184871
S3H_589978327	0.326748902904815
S3H_589978354	0.337583238964291
S3H_590348322	0.178569851209638
S3H_590430675	0.388821137682895
S3H_592413451	0.36705718396338
S3H_592877133	0.480482802244288
S3H_592877177	0.474597486585622
S3H_593367386	0.415455496644431
S3H_593730113	0.287635364215956
S3H_593846406	0.384411520866986
S3H_593846440	0.298840151630727
S3H_593846449	0.296427425238381
S3H_594013558	0.258038728291325
S3H_594013571	0.214205287466964
S3H_594042369	0.375198114447398
S3H_594467703	0.506345959707167
S3H_594660441	0.236297861570846
S3H_594683134	0.344524209569013
S3H_594789479	0.322953544199253
S3H_594908117	0.504861747320134
S3H_594913456	0.396120650889271
S3H_594917747	0.367356851604881
S3H_594999508	0.477604610122055
S3H_595043457	0.417945373463476
S3H_595694666	0.34149436592253
S3H_595761001	0.272169632893263
S3H_595888710	0.315047855141159
S3H_596511489	0.437648946896351
S3H_596552374	0.35606502909894
S3H_596595077	0.463502069775596
S3H_596595188	0.280508148192402
S3H_596596239	0.279487409187929
S3H_597130085	0.302095048229953
S3H_597580200	0.403040177342307
S3H_597893849	0.50690790554164
S3H_597893853	0.391424879008433
S3H_598175220	0.500249326013849
S3H_598175237	0.333778390679343
S3H_598175275	0.400749299410915
S3H_598398548	0.313127960575324
S3H_598415839	0.372302845999601
S3H_598427745	0.378295141582104
S3H_598697499	0.270711794346495
S3H_598902847	0.41820578022537
S3H_599006639	0.431195907559868
S3H_599563789	0.459609696895681
S3H_599563803	0.509139493045072
S3H_599901480	0.418365159179039
S3H_600659177	0.476288669967314
S3H_600661944	0.173340422715912
S3H_600760499	0.40274017527555
S3H_600915392	0.381079925297108
S3H_601028751	0.412005306927401
S3H_601135133	0.308572944125407
S3H_601202918	0.498497699306514
S3H_601202976	0.351567587382635
S3H_601575620	0.133646402973726
S3H_601943994	0.36880463376275
S3H_602311813	0.324609296529773
S3H_602311840	0.34303623964851
S3H_603050538	0.280474718660782
S3H_603524254	0.235565123307963
S3H_604622877	0.394735670444078
S3H_604622883	0.413398026522079
S3H_604827433	0.122088344077696
S3H_604929629	0.316144208437021
S3H_605651165	0.225782816257018
S3H_605723759	0.401311403912136
S3H_605723782	0.346159627926743
S3H_606149784	0.312184971801594
S3H_606298702	0.371280286499621
S3H_607933929	0.370477635141167
S3H_608514854	0.454554630184606
S3H_608901091	0.419729373198035
S3H_609239765	0.264449804190422
S3H_610596566	0.232865533423725
S3H_610683966	0.387403864870852
S3H_611022373	0.263713424193406
S3H_611026089	0.15975148431653
S3H_611287166	0.441297562343153
S3H_611338247	0.492188578799325
S3H_611338331	0.401084029048938
S3H_613350103	0.377171823792927
S3H_613408433	0.375305529860818
S3H_613554528	0.369046450569691
S3H_614134874	0.438372436690457
S3H_614155387	0.186659995467892
S3H_615708073	0.388861793377611
S3H_616352668	0.362315728480008
S3H_616470904	0.347455978014331
S3H_616529511	0.244827975661986
S3H_618156597	0.316272108082106
S3H_618324031	0.219158320206494
S3H_618324049	0.340181964611644
S3H_618379071	0.416354466043603
S3H_618391577	0.143138287815771
S3H_618774475	0.146970375442295
S3H_619468533	0.320970944335261
S3H_619512104	0.399044710249619
S3H_619512649	0.238293669056172
S3H_620008161	0.260569094876994
S3H_620298502	0.498978662231852
S3H_623646332	0.153170440130394
S3H_623793965	0.270844993966265
S3H_624004731	0.305313461541244
S3H_625081070	0.376633265602631
S3H_625308446	0.434588302919461
S3H_626620772	0.503499408023177
S3H_627052760	0.431106680328236
S3H_627174487	0.170537668723151
S3H_627190506	0.574570463835941
S3H_627526831	0.286730877383939
S3H_627712359	0.296206037353741
S3H_628271604	0.52512908391942
S3H_628549888	0.461851196049459
S4H_410375	0.299340676724368
S4H_1367256	0.486595425439476
S4H_2867765	0.244098859663492
S4H_3448441	0.359420725708246
S4H_5063145	0.247629518560148
S4H_5591681	0.494264287380844
S4H_5654197	0.324021851868283
S4H_5771882	0.376610237989503
S4H_5906375	0.40888491879468
S4H_6682471	0.284172039193791
S4H_7014357	0.296387516952583
S4H_7061664	0.13736970909862
S4H_7088261	0.378288412906036
S4H_8209327	0.14227790403363
S4H_8209364	0.393215473381434
S4H_8293166	0.307589629156394
S4H_9759401	0.195685083885585
S4H_9759465	0.40751868096253
S4H_10115897	0.48949677494483
S4H_10356329	0.336364883700104
S4H_10368048	0.401129368544422
S4H_10687450	0.471568275313073
S4H_11699272	0.311065568344219
S4H_11901074	0.519704402117894
S4H_12128744	0.381811107530295
S4H_12128780	0.136115850360903
S4H_13541789	0.191466578183835
S4H_13716051	0.265490448111398
S4H_13877830	0.12779147863219
S4H_14026260	0.315554420441986
S4H_15551709	0.318737460474381
S4H_23188120	0.19774826575606
S4H_23188128	0.19774826575606
S4H_24059042	0.480683173738377
S4H_25036283	0.407043313264091
S4H_26933441	0.388226295473592
S4H_28868591	0.47484963970417
S4H_29608752	0.392236551525856
S4H_31218415	0.380940616190131
S4H_33618239	0.303515369872488
S4H_33618275	0.294297420653854
S4H_33784190	0.208741313574788
S4H_33935598	0.40516491823764
S4H_34830759	0.358999387657356
S4H_36062691	0.30435243049204
S4H_39158848	0.354523335590189
S4H_39158859	0.354523335590189
S4H_39814571	0.291277664755936
S4H_40377247	0.37370300768683
S4H_40853732	0.492288565729907
S4H_40853857	0.384785009778579
S4H_41210556	0.503671703677295
S4H_42060726	0.258341254354727
S4H_42460137	0.507038359736221
S4H_42460197	0.28766818447406
S4H_45475769	0.40729189227243
S4H_48780437	0.405282278678112
S4H_59523055	0.33767948158894
S4H_67554290	0.417180023164729
S4H_93235182	0.139626339981405
S4H_100283668	0.373936842853597
S4H_103006568	0.347464246074206
S4H_402023284	0.509437536502153
S4H_413376235	0.260489575935596
S4H_415928546	0.254662110856706
S4H_422323956	0.356890111132799
S4H_423165848	0.452002651289799
S4H_424681186	0.296470096019898
S4H_427293024	0.489355421281034
S4H_449176369	0.38136763709239
S4H_449708604	0.384102560403057
S4H_450598767	0.368828642846381
S4H_453387011	0.298329059157607
S4H_458672953	0.225326891487961
S4H_462542390	0.485980418327811
S4H_462650860	0.517900902934365
S4H_464292771	0.308874107158008
S4H_466040882	0.555165795879409
S4H_473384372	0.367427079592267
S4H_476403905	0.386821377648165
S4H_476657123	0.352998519972716
S4H_476657631	0.354441162584904
S4H_478335343	0.386507460828264
S4H_479082993	0.502473101308479
S4H_482055457	0.377972013767908
S4H_486397900	0.249430715196807
S4H_495942625	0.387304189307572
S4H_501423397	0.400760996035628
S4H_501956543	0.413364789437321
S4H_504438266	0.339646120869048
S4H_507408308	0.309845369632731
S4H_507798002	0.202948900131203
S4H_508375426	0.449070731842486
S4H_516358358	0.230548266662276
S4H_517009469	0.467481713931466
S4H_521079360	0.163680343732876
S4H_529540176	0.397257500745998
S4H_530933556	0.243482005197838
S4H_531080550	0.330808347453496
S4H_531080576	0.254280737398882
S4H_531912318	0.337072848994405
S4H_535228277	0.11556549663789
S4H_535567192	0.40185377658013
S4H_540508014	0.158942274923604
S4H_543758452	0.488809227001389
S4H_544380998	0.370970354310678
S4H_544456601	0.104011556007035
S4H_549164873	0.322469985534337
S4H_551524461	0.37389713877719
S4H_551927502	0.459781851463149
S4H_554291949	0.166100052523709
S4H_560855076	0.364732162085981
S4H_563290204	0.239339238971358
S4H_565560637	0.2743735854817
S4H_566850483	0.374498264703504
S4H_568592694	0.412681674247462
S4H_572474236	0.393852851464115
S4H_572759021	0.418827738927887
S4H_573980606	0.351877371775615
S4H_575251993	0.327144952771375
S4H_576198865	0.365947309619378
S4H_576879742	0.375763586174205
S4H_577526265	0.2634729417116
S4H_579420499	0.1715087267337
S4H_580377565	0.35655703773952
S4H_580761644	0.333653069618379
S4H_581208776	0.127471685962026
S4H_581381021	0.336659202214836
S4H_581639300	0.436365011563463
S4H_581907138	0.403114556440776
S4H_581945615	0.243079610529798
S4H_582412316	0.386118847533935
S4H_582412351	0.176741632753259
S4H_583451260	0.306602279937234
S4H_583451706	0.552113708738847
S4H_585150882	0.356023906109102
S4H_585550975	0.448307985096693
S4H_585692620	0.40849690483729
S4H_589359452	0.235565123307963
S4H_590529811	0.139674779158024
S4H_592606261	0.13187694987791
S4H_594189708	0.425571105099119
S4H_594438886	0.471541181750421
S4H_594645905	0.306663869833423
S4H_596566700	0.395215091076825
S4H_596665916	0.345491898634183
S4H_596788226	0.405354558419965
S4H_597424678	0.215921817675775
S4H_598452482	0.357126145085644
S4H_598602174	0.284609427236523
S4H_599244420	0.333409052942528
S4H_600091541	0.178569851209638
S4H_600648701	0.330245712980285
S4H_600648715	0.362107230734583
S4H_600654699	0.386830028096387
S4H_600655656	0.377818845280846
S4H_600738390	0.528474759873286
S4H_600738437	0.419240312663331
S4H_600918057	0.422876590915934
S4H_601545956	0.347951212900007
S4H_601859405	0.195160378790702
S4H_601976916	0.466967619401954
S4H_603241791	0.238249393199036
S4H_603258886	0.400761746799202
S4H_603278382	0.363865160968387
S4H_603416803	0.282953063721606
S4H_604244790	0.260344233139657
S4H_604425412	0.170319213529954
S4H_605468507	0.423406050280599
S4H_605657915	0.149671139095273
S4H_605662916	0.310650003571792
S4H_606073640	0.55020724078121
S4H_606073672	0.556175190519306
S4H_606073690	0.354748326120848
S4H_606210250	0.484777097868545
S4H_606217337	0.416781851393168
S4H_606220129	0.167122362186726
S4H_606374168	0.128105991158358
S4H_606387595	0.239019022340587
S4H_606387635	0.415680302265588
S4H_606387668	0.48733246182382
S4H_607775176	0.369177367494513
S4H_607778373	0.192959387960318
S4H_607779701	0.302077219399791
S4H_608561193	0.53330138050299
S4H_608752258	0.440002056503642
S4H_609709684	0.225815222193845
S4H_609711149	0.300533080707585
S4H_610241008	0.500560424434172
S4H_610251499	0.394605588913588
S4H_610814034	0.376347372285817
S4H_610814072	0.374357029259492
S4H_611091215	0.202948900131203
S4H_612138861	0.205740534330268
S4H_612726530	0.354221487358436
S4H_613383364	0.240532161864692
S4H_613537188	0.32983417169338
S4H_614095748	0.502922765545871
S4H_615756834	0.26413033900265
S4H_615886500	0.290204582986436
S4H_616362024	0.548109878615542
S4H_616748251	0.40624377196922
S4H_616748360	0.321431225486392
S4H_616848018	0.373426230202479
S4H_617680497	0.271084795983653
S4H_618633064	0.398941278129541
S4H_618727817	0.417633532602524
S4H_618727851	0.558573848736064
S4H_618735048	0.351850800031864
S4H_619358630	0.398404687699915
S4H_619816164	0.290891851092097
S4H_620777483	0.366687650000407
S4H_621481527	0.546230881300904
S4H_621540621	0.350070762868215
S4H_621541837	0.218916013640974
S4H_621974868	0.403581612065402
S4H_622057335	0.253720127630568
S4H_622368709	0.506719898907049
S4H_623493341	0.495223569592545
S4H_623511218	0.376611637645508
S4H_623890014	0.240533865690351
S4H_624010971	0.207142211621462
S4H_624018332	0.309441168737089
S5H_852789	0.353829716844247
S5H_1069421	0.471384933412913
S5H_3159233	0.353274538540405
S5H_3330878	0.321923847328408
S5H_3690074	0.312017916545166
S5H_3890088	0.444097254553901
S5H_4008002	0.377733436072656
S5H_5171741	0.482864189586652
S5H_5171768	0.268237741886811
S5H_5256779	0.352472958761068
S5H_5256893	0.295439542565183
S5H_5375907	0.280588577901737
S5H_5668777	0.383543059921895
S5H_5704739	0.483911382369875
S5H_6494932	0.352942010597245
S5H_6908483	0.381062765402386
S5H_7418117	0.426681110805515
S5H_7424780	0.324583270682014
S5H_8834797	0.324065538855856
S5H_9356339	0.247714773475382
S5H_9414942	0.210155014803231
S5H_10617702	0.297376350883146
S5H_11195997	0.392761188572174
S5H_13265810	0.502004383303062
S5H_14200394	0.161426658153343
S5H_15725293	0.532339720625597
S5H_15725317	0.511579978963031
S5H_15750885	0.397784501614742
S5H_16617661	0.422805394069854
S5H_17631807	0.386596758210429
S5H_17754848	0.437503857928989
S5H_18173603	0.305105081060163
S5H_19888407	0.439202599966921
S5H_20072412	0.115353026745923
S5H_21873267	0.375514435600385
S5H_22953438	0.39944353505385
S5H_23842791	0.199640999666117
S5H_23843245	0.24679096524596
S5H_25482752	0.249891161044573
S5H_25814653	0.402942663854975
S5H_25819103	0.319720470721709
S5H_29071623	0.364154214286453
S5H_29071645	0.509502247396406
S5H_30393009	0.489647398160782
S5H_30399314	0.160423083247528
S5H_30968487	0.245530622764545
S5H_30968518	0.357560214948714
S5H_32369542	0.413354960825334
S5H_32369558	0.435680054624865
S5H_34236975	0.404170959262853
S5H_34241676	0.117949635031924
S5H_34620404	0.206887117085118
S5H_36074207	0.158942274923604
S5H_36081713	0.282497666376699
S5H_40640886	0.295409374948422
S5H_41932285	0.35805277621583
S5H_43120042	0.345496697066528
S5H_60511364	0.461340483523005
S5H_63101170	0.197376347842723
S5H_64933439	0.381387435848885
S5H_69715486	0.14734599910425
S5H_76381686	0.280832050634941
S5H_77532714	0.252489498231227
S5H_78449398	0.212984254252888
S5H_82566894	0.247728817170473
S5H_85879930	0.288101258704883
S5H_87415979	0.424956191004853
S5H_95931339	0.258729952916774
S5H_102024216	0.280071647626101
S5H_108803358	0.185546953245565
S5H_113077135	0.35950713581422
S5H_116507172	0.180923607182751
S5H_131923303	0.167269188037972
S5H_144750281	0.40558672780882
S5H_151482180	0.377052550922382
S5H_163958717	0.491594744175886
S5H_175528691	0.417509051925413
S5H_181393730	0.340977895786831
S5H_184708848	0.538241998806299
S5H_184708900	0.480440218662602
S5H_184839643	0.267048455780554
S5H_196157284	0.149084737031217
S5H_229592891	0.412797654650299
S5H_231518469	0.426376666834183
S5H_232907851	0.276318728464327
S5H_267681065	0.278488828579673
S5H_314805680	0.145246970014142
S5H_316266661	0.397369793235097
S5H_346980313	0.378331171609271
S5H_350988265	0.209329083998879
S5H_351013530	0.392712379088216
S5H_352622027	0.49221600029024
S5H_352622039	0.490384879674038
S5H_370142051	0.431152015067752
S5H_377251779	0.507081180925236
S5H_383659861	0.327870661203481
S5H_383660257	0.242828118320994
S5H_383716136	0.467521853624849
S5H_387249927	0.438043835117643
S5H_393398900	0.226155153735937
S5H_395464015	0.247187801991728
S5H_395471478	0.348195124222667
S5H_396467269	0.125339383225653
S5H_399562634	0.114883569251125
S5H_403492186	0.526746210971531
S5H_406168225	0.254572323609801
S5H_411410485	0.375597665386082
S5H_417445227	0.284093086212625
S5H_418053779	0.407289504266754
S5H_418545252	0.431756822156027
S5H_427984385	0.244337799406834
S5H_435950611	0.309183528865938
S5H_436427075	0.505015678991491
S5H_437265245	0.405401637920439
S5H_437725415	0.3976489086176
S5H_437944287	0.370391193144727
S5H_439022362	0.433169393735828
S5H_439307352	0.476031765360376
S5H_440173842	0.421447215204828
S5H_445280241	0.332474079504158
S5H_447308938	0.183076212956888
S5H_447630214	0.3864950630167
S5H_448476992	0.149484014162009
S5H_448998066	0.368505832578
S5H_451147126	0.310616729288567
S5H_453071707	0.505860736793043
S5H_458008693	0.419382655462383
S5H_458029398	0.34203451460206
S5H_459779299	0.417082070429749
S5H_460575851	0.456403387523821
S5H_461314926	0.379247019940089
S5H_463448671	0.392993781412068
S5H_469169899	0.376247901038088
S5H_477112086	0.410548036761314
S5H_477580237	0.308313903175708
S5H_479800641	0.365626234047985
S5H_480316534	0.503806791182944
S5H_480493139	0.316543362252348
S5H_482527424	0.381973125706682
S5H_483188665	0.205907209448941
S5H_483296071	0.365449105650608
S5H_483435468	0.426841187527682
S5H_483827063	0.44587563273388
S5H_483827065	0.448920052743906
S5H_484092828	0.299868233361984
S5H_484634564	0.293770723381499
S5H_484635831	0.233812283085581
S5H_487366059	0.202965513429278
S5H_488213095	0.308608263814731
S5H_489551249	0.427849529081535
S5H_491112107	0.493073907571724
S5H_491230782	0.450774947596571
S5H_491230874	0.550745899547497
S5H_491907961	0.267792412544708
S5H_492006296	0.386941344699
S5H_492006410	0.253467601338361
S5H_492271199	0.137012486554196
S5H_492271235	0.312062126328313
S5H_492590283	0.447120898965506
S5H_492680410	0.222174483989465
S5H_492683530	0.286150002094809
S5H_493100041	0.407789792559882
S5H_493478055	0.395129796861156
S5H_495333496	0.374561825162987
S5H_496193658	0.303264364131302
S5H_497039568	0.331697651132597
S5H_497560882	0.380168354450246
S5H_497625957	0.171220462035867
S5H_497626014	0.239911933803852
S5H_497682033	0.394948687208708
S5H_497959971	0.486134049354026
S5H_498114650	0.392255819376154
S5H_498144567	0.494374727250417
S5H_498339408	0.545817768888349
S5H_498895833	0.163991803436937
S5H_498916910	0.375776291849791
S5H_498954384	0.356703224847232
S5H_499167201	0.114883569251125
S5H_499168514	0.175759104557294
S5H_499928442	0.367579720697643
S5H_500507927	0.474730055806035
S5H_501859413	0.329482209377334
S5H_501859424	0.258562726275629
S5H_501859520	0.272990482263922
S5H_501943648	0.260069094489808
S5H_502463386	0.353157606115852
S5H_504140098	0.305734228047885
S5H_504168567	0.358227887742918
S5H_504590303	0.103115490360088
S5H_504987153	0.355445885589969
S5H_505563511	0.567988660223575
S5H_505641193	0.165442485886215
S5H_506209272	0.244912895345149
S5H_506212710	0.135046933397126
S5H_506441303	0.201554042070563
S5H_506449731	0.22133271682967
S5H_507210638	0.206098136269327
S5H_507542831	0.122034728793889
S5H_507939939	0.536607029887577
S5H_507971427	0.432452270973108
S5H_508586747	0.449588564499419
S5H_510517680	0.388726451788599
S5H_510517781	0.46266348316963
S5H_511039108	0.163121029626224
S5H_511385631	0.269563790109143
S5H_511385660	0.257797049853338
S5H_512606239	0.376252543372758
S5H_514123603	0.232439499215041
S5H_514655004	0.313927561489655
S5H_514795901	0.324882789168704
S5H_514885830	0.41765474591989
S5H_515485844	0.184306009913146
S5H_515825909	0.397241273551871
S5H_516074336	0.317305058948273
S5H_516932905	0.476360171917256
S5H_517455733	0.412550743797855
S5H_517600064	0.388345115189529
S5H_518097288	0.394496812125462
S5H_518097359	0.379427022067641
S5H_518097586	0.337562484258159
S5H_518282690	0.375902825810074
S5H_519221018	0.265207851190213
S5H_519221570	0.37393963743087
S5H_519231973	0.495949073305692
S5H_519336837	0.448361735182478
S5H_519828946	0.321393032003197
S5H_519836652	0.264555642320913
S5H_522254802	0.361878654140099
S5H_523099132	0.48314325133712
S5H_523202426	0.480188676006562
S5H_524225651	0.409033789457529
S5H_525326283	0.563672303021028
S5H_525720621	0.446248763928711
S5H_525958487	0.275294236830976
S5H_526236652	0.484317033687238
S5H_527607508	0.398562783667428
S5H_527722703	0.338593110750959
S5H_527722708	0.36680996127653
S5H_527780634	0.361871683249357
S5H_529165965	0.36426194206508
S5H_529802279	0.194720553292963
S5H_529802752	0.424796742643771
S5H_530304094	0.38152837727214
S5H_531736789	0.522755034293087
S5H_531744083	0.389315500718893
S5H_532546748	0.416217099176429
S5H_532777151	0.398833990617698
S5H_533064385	0.430182238302335
S5H_534221568	0.239217592002098
S5H_535187063	0.48335352543672
S5H_536184234	0.343129541216307
S5H_536184281	0.351293234423002
S5H_537847524	0.244389854159761
S5H_537847566	0.179809659861432
S5H_538233824	0.306592689527072
S5H_538393791	0.379904331262764
S5H_539558901	0.310322925777264
S5H_540250313	0.395884811591416
S5H_543251898	0.283685084703782
S5H_543315939	0.369746375113926
S5H_543709813	0.548384874140468
S5H_543938566	0.362513260300053
S5H_545286033	0.146884026144773
S5H_545649540	0.150266739138407
S5H_545774125	0.341655439699489
S5H_545968062	0.337903611522881
S5H_545968104	0.276198001541389
S5H_546170207	0.31628033444233
S5H_546170219	0.3831636453073
S5H_546172586	0.457358994667146
S5H_546514346	0.255257198996282
S5H_546535851	0.365300409281259
S5H_547205972	0.523122650433059
S5H_547889587	0.322966229322261
S5H_548264450	0.506313195841259
S5H_548346969	0.440342953953179
S5H_549630124	0.375365491750826
S5H_550005126	0.394410322972747
S5H_550346682	0.126350727939962
S5H_550441556	0.299771969335478
S5H_550510477	0.342778151591039
S5H_553025318	0.155937414952086
S5H_553459322	0.324240387934173
S5H_553953941	0.509121012541087
S5H_554686233	0.325654023449571
S5H_555060675	0.361731977698447
S5H_555081542	0.245856459697208
S5H_555552614	0.255438684391461
S5H_555558149	0.136115850360903
S5H_555655187	0.335086693598206
S5H_555659799	0.447078534498076
S5H_555797436	0.40849690483729
S5H_555797449	0.376296700309453
S5H_555867248	0.50304081887148
S5H_557596296	0.317857662553451
S5H_557858458	0.397469231530759
S5H_558440537	0.389245731342739
S5H_558619015	0.313497458040487
S5H_558627878	0.158648509014176
S5H_559331770	0.150127031209512
S5H_559393965	0.342066437404692
S5H_559806362	0.330752999871916
S5H_559853364	0.462649701052799
S5H_560088077	0.27403450820919
S5H_561748086	0.5615651033047
S5H_563019283	0.359611955381901
S5H_563113151	0.347902469787286
S5H_563262326	0.135680491057149
S5H_565004949	0.487396405988034
S5H_565242147	0.3710324070645
S5H_565265919	0.371905634848718
S5H_565426114	0.190189643317867
S5H_569611611	0.377219336893335
S5H_570292462	0.270144197954527
S5H_570884960	0.391967230614281
S5H_571173371	0.135680491057149
S5H_571590018	0.142971185169515
S5H_573578667	0.402517535148692
S5H_573687465	0.143617352536477
S5H_573915992	0.317849266400911
S5H_573920092	0.220245766422932
S5H_574910466	0.478898087434908
S5H_575002788	0.160957645108032
S5H_575659509	0.494542785994934
S5H_575697805	0.451455952219318
S5H_575984495	0.297662231970327
S5H_576045197	0.474127243103359
S5H_576111974	0.477144998415932
S5H_576255738	0.433357293191276
S5H_577528691	0.287226281977004
S5H_577824699	0.287635364215956
S5H_578071548	0.482441534366084
S5H_578251231	0.503537011575209
S5H_578696865	0.459996488250727
S5H_580472741	0.416216933630513
S5H_580475694	0.55335297701497
S5H_580749154	0.433070009284522
S5H_580749191	0.383266850669601
S5H_581344803	0.207789280647832
S5H_581344809	0.385354128802304
S5H_581585492	0.374395643645885
S5H_581678522	0.359096652666574
S5H_582964805	0.230244554260788
S5H_584513055	0.557375338429208
S5H_585200639	0.378994871747365
S5H_585544924	0.491398725900303
S5H_585549117	0.39661658910623
S5H_585658693	0.373936842853597
S5H_586218129	0.338372179821456
S5H_586435452	0.218408735603088
S5H_587127630	0.244822945206329
S5H_587127651	0.227857315145251
S5H_587698351	0.364297184979486
S5H_587789614	0.344137370314572
S5H_588528045	0.216611271382441
S5H_588777165	0.371646331981047
S5H_589571832	0.33158234919837
S5H_591196903	0.507132023776748
S5H_591572487	0.432681438517892
S5H_592244319	0.454707943728703
S5H_592348281	0.462177423205077
S5H_592350506	0.428439664729364
S5H_592350565	0.37162072007239
S5H_592719815	0.344262497973234
S5H_593151055	0.314867428649593
S5H_593226485	0.28254125892433
S5H_593425596	0.389582660106552
S5H_593483072	0.336750937476649
S5H_593878934	0.524793569546621
S5H_593899508	0.40212845804129
S5H_593899547	0.392812656982147
S5H_594050222	0.444079310115491
S5H_594134674	0.509796298727631
S5H_594134697	0.400619079299151
S5H_594636032	0.482725693134533
S5H_594987040	0.215951321325384
S5H_595220408	0.346854031513621
S5H_595431650	0.474481856425883
S5H_596035681	0.443488385125542
S5H_596187108	0.328656289273911
S5H_596346550	0.381637315954278
S5H_596700397	0.35777957859556
S5H_597319096	0.188878849863992
S5H_597491570	0.317531160570804
S5H_597491641	0.195820873066422
S5H_598453794	0.198402200702156
S5H_598978411	0.40414167982318
S6H_1575406	0.281531608629902
S6H_1682062	0.307835614463426
S6H_3060528	0.231292783611557
S6H_3179232	0.406926428887558
S6H_3187703	0.200765213254671
S6H_3544914	0.341833311047064
S6H_3641643	0.542404465039236
S6H_4221280	0.351293588402932
S6H_4414875	0.391284081792932
S6H_4963518	0.327301867793731
S6H_4963582	0.261688233337759
S6H_5004527	0.162989174119543
S6H_6937939	0.391955042935837
S6H_7331986	0.535287418528685
S6H_7332022	0.511624774579564
S6H_7335576	0.286031745111841
S6H_7354229	0.495272357165077
S6H_7732782	0.554064324821899
S6H_7750073	0.430802250624808
S6H_7750434	0.482045712807236
S6H_7946522	0.47720890251536
S6H_7946531	0.287189718601958
S6H_7946540	0.249679187195858
S6H_7947544	0.255617716343935
S6H_7988986	0.128537608024596
S6H_9489705	0.261037805748459
S6H_9492396	0.143138287815771
S6H_9613447	0.319508146799752
S6H_9613527	0.318697451570128
S6H_10273589	0.321556666869108
S6H_10273648	0.456687124454865
S6H_10273661	0.456687124454865
S6H_10465196	0.305633835862089
S6H_10982214	0.376995952521128
S6H_10982224	0.52533842748409
S6H_11975732	0.287809257854205
S6H_12274153	0.38281251248309
S6H_12326421	0.14071669973802
S6H_12498968	0.208809656500151
S6H_12507629	0.338698181471986
S6H_12606325	0.347917180570632
S6H_13167354	0.203221772477209
S6H_13337568	0.176164203163192
S6H_13625551	0.364164166150209
S6H_13993777	0.490155620237151
S6H_14025119	0.244504161990445
S6H_14028243	0.364096746731984
S6H_14249336	0.229422580931664
S6H_15276932	0.386186114485156
S6H_15703751	0.438093533627969
S6H_16209854	0.431429323352141
S6H_16304532	0.22377999342114
S6H_16304534	0.15028420243843
S6H_16306131	0.316140994251702
S6H_16306875	0.386399913033314
S6H_16401370	0.325654023449571
S6H_16563077	0.369395004852244
S6H_17506477	0.243012740425918
S6H_18424161	0.542725889409949
S6H_18978188	0.539181902655135
S6H_18980629	0.418331351314384
S6H_19802924	0.110733465690788
S6H_20400342	0.404072278801021
S6H_21447478	0.162435665033196
S6H_21951058	0.110787576274728
S6H_22038970	0.442676713393703
S6H_22062630	0.414821206395427
S6H_22347342	0.371807764154192
S6H_22530962	0.212720938706785
S6H_23709255	0.406009038073061
S6H_23709301	0.13065835834401
S6H_24439986	0.220753605495226
S6H_25106649	0.413134999391485
S6H_26672861	0.389813064861296
S6H_27461606	0.543803953289841
S6H_28520777	0.263202534507132
S6H_29158700	0.254700338820671
S6H_29399090	0.216117516940535
S6H_29634966	0.197083750309107
S6H_29678932	0.380852371575529
S6H_32453662	0.298309182607057
S6H_33985963	0.349465622628604
S6H_34358018	0.355883150168613
S6H_34358095	0.222770804561802
S6H_34493334	0.275925494746753
S6H_34974732	0.319205765559832
S6H_34974785	0.31371769128642
S6H_35253743	0.209974031014088
S6H_35334858	0.207656593547347
S6H_35904138	0.389253773175638
S6H_42616413	0.324813777520222
S6H_42655207	0.285212436080429
S6H_46192436	0.35911374725166
S6H_51428828	0.381169325951729
S6H_52475591	0.279908402409883
S6H_55192688	0.276074735674477
S6H_58863820	0.324187399503979
S6H_61006577	0.37310681767007
S6H_68511610	0.423318330181363
S6H_71866402	0.463067757124589
S6H_88528619	0.383630198773857
S6H_94532156	0.343430635117511
S6H_108108365	0.401548867309484
S6H_110697319	0.479291602879909
S6H_110976215	0.371474273785635
S6H_111879820	0.263237739543647
S6H_111880679	0.204175301134977
S6H_113498719	0.516231184532952
S6H_119036647	0.528062911529174
S6H_119036648	0.529217107081868
S6H_119036729	0.557778342031052
S6H_122249050	0.421312852474782
S6H_123262679	0.347302717083134
S6H_128993676	0.267879192830628
S6H_131797411	0.231110689643519
S6H_140997825	0.382289704510007
S6H_148003816	0.462875394107924
S6H_163429180	0.489161673258445
S6H_163429195	0.48780422178056
S6H_165320522	0.351923798200954
S6H_166619652	0.273470586184942
S6H_169144767	0.361930408354044
S6H_171847046	0.477765544765707
S6H_188500073	0.410619085514183
S6H_195957587	0.265032915973666
S6H_203675940	0.368777912014909
S6H_203675949	0.326749139684097
S6H_246400974	0.24787994475262
S6H_246400979	0.309945720925691
S6H_267454480	0.415025509376775
S6H_269315090	0.221529863097799
S6H_316502192	0.470457740568895
S6H_319534375	0.18998456521984
S6H_326181451	0.402353986229924
S6H_327954553	0.371628930402452
S6H_329958064	0.259065624555008
S6H_334053943	0.338929546932336
S6H_344849556	0.34864698877484
S6H_352565919	0.364191181579095
S6H_352634202	0.215212675385469
S6H_352779846	0.179079219049738
S6H_358899995	0.420429902026266
S6H_363209847	0.21455602902785
S6H_368452872	0.149878978308939
S6H_377603667	0.216604189405868
S6H_377643513	0.249796033354789
S6H_378144134	0.483075939628839
S6H_378216247	0.172381981631183
S6H_380219930	0.267677084388958
S6H_380286412	0.283334336858224
S6H_380473991	0.209238572422242
S6H_380850656	0.175044099750422
S6H_383702538	0.50090947565172
S6H_387238109	0.490571373931928
S6H_390900406	0.51060569506833
S6H_391071418	0.169274030037196
S6H_391478108	0.343267435252847
S6H_391478113	0.341494897232137
S6H_400574834	0.332071241681782
S6H_404563555	0.318406968234295
S6H_404653612	0.457491440635791
S6H_405186225	0.306444533469699
S6H_408598292	0.196351785549271
S6H_409954595	0.412976217248147
S6H_412449463	0.303476210481848
S6H_412619738	0.228983322922861
S6H_415159031	0.212292680743189
S6H_420123971	0.421249276558403
S6H_430094489	0.353260745404165
S6H_430477411	0.351073446008733
S6H_445783328	0.176838556160805
S6H_448309588	0.158167809535513
S6H_455272092	0.263920257859479
S6H_455632725	0.288777952827911
S6H_461763051	0.393352134114701
S6H_463863646	0.251581564617314
S6H_463863711	0.246806060116213
S6H_464029650	0.292967079044797
S6H_465314721	0.390134408316852
S6H_465623487	0.231365590798793
S6H_471471885	0.346854847905312
S6H_472187270	0.474832947592906
S6H_472873211	0.236620315905954
S6H_472977529	0.206473777256595
S6H_479081560	0.259669722239649
S6H_480770291	0.182855123296941
S6H_480770460	0.317900487670386
S6H_486650470	0.534990248131507
S6H_486934217	0.13968134371072
S6H_492677916	0.29403028052362
S6H_492678862	0.212430356514754
S6H_497037076	0.271450894311531
S6H_498155666	0.283029805241189
S6H_500728244	0.253882076824182
S6H_503997256	0.186272936186218
S6H_504367671	0.438256519474057
S6H_504367714	0.427839810939653
S6H_504367718	0.244515095218543
S6H_504721684	0.39566001786018
S6H_514723206	0.454191648565928
S6H_515566727	0.168591033916402
S6H_515674532	0.45221193716712
S6H_517665912	0.339988506533269
S6H_519398143	0.52854065143668
S6H_520559091	0.381999278267027
S6H_521346421	0.333491999047452
S6H_522722847	0.212488003437171
S6H_522953328	0.499930146863601
S6H_527345855	0.341574869349375
S6H_528297011	0.337275472269648
S6H_528565677	0.314490898126388
S6H_531139782	0.350777385259652
S6H_531375356	0.388285315681868
S6H_533182096	0.415291747974992
S6H_533693151	0.277958772489605
S6H_536414235	0.389991285772544
S6H_538389702	0.123121742620615
S6H_538389775	0.18462045959259
S6H_538394862	0.364804951523263
S6H_538708333	0.439539250315498
S6H_538791501	0.387554288527221
S6H_539290512	0.380215931225427
S6H_540208932	0.40477779205393
S6H_540945428	0.300708740678504
S6H_541065035	0.289100615555114
S6H_542421746	0.322307030771899
S6H_542652664	0.334639398491241
S6H_544005702	0.254754130181467
S6H_544005776	0.355681068670353
S6H_544079662	0.258381272155189
S6H_544079669	0.501676284843757
S6H_544093391	0.3254096712444
S6H_544242715	0.267751123095979
S6H_544242759	0.269327464492292
S6H_544243690	0.457480241689193
S6H_544457572	0.259935700278743
S6H_545017197	0.390967245296805
S6H_545236003	0.421642607030207
S6H_545540583	0.364788790891461
S6H_545588646	0.39294118193091
S6H_545813954	0.411133023266596
S6H_546078328	0.296357848712498
S6H_547947323	0.136326943506195
S6H_547947351	0.136326943506195
S6H_549470377	0.169631928544852
S6H_553065959	0.35540375705254
S6H_553099655	0.434042666786673
S6H_553611464	0.403490622747499
S6H_554610453	0.372160002719809
S6H_555531997	0.237854081017137
S6H_555532003	0.237854081017137
S6H_556128145	0.487570156798608
S6H_557184746	0.40885441216655
S6H_557555186	0.147128142865816
S6H_558313388	0.412948820556209
S6H_558875741	0.327163370598492
S6H_558905696	0.412629907910044
S6H_559351660	0.309733873110137
S6H_561328569	0.409621948512175
S6H_561558327	0.364950840852154
S6H_561683528	0.283174040172521
S6H_561812729	0.310616729288567
S6H_562941695	0.49078627488807
S6H_563015079	0.239863808351288
S6H_563245816	0.25984507173501
S6H_563247915	0.209073262500035
S6H_564052515	0.366352969790484
S6H_564273670	0.530215443607034
S6H_564567091	0.386606982183516
S6H_565861478	0.218470771265149
S6H_566554962	0.447129487883388
S6H_566559193	0.271374406110959
S6H_566641790	0.132336655663031
S6H_567011115	0.34534530586785
S6H_568260712	0.342821844162629
S6H_568903172	0.433308637448241
S6H_569484638	0.352508051076887
S6H_569589493	0.37882672975217
S6H_570252865	0.215471425074571
S6H_570281862	0.329083647849922
S6H_570578918	0.52618346861852
S6H_570578971	0.129541806047191
S6H_571619173	0.359153642224992
S6H_571886859	0.327805003829063
S6H_571887116	0.374045904681343
S6H_572345367	0.252502934967089
S6H_572554627	0.265020681754674
S6H_572622991	0.239339238971358
S6H_572623018	0.239339238971358
S6H_572623026	0.16389141643175
S6H_572890330	0.483476282775964
S7H_152530	0.436232752287809
S7H_919809	0.340426574254834
S7H_1476040	0.419046057747938
S7H_2075997	0.29601414313967
S7H_2206327	0.426429526810768
S7H_2214057	0.388678370413669
S7H_2253108	0.246335608114463
S7H_2440326	0.223828861441726
S7H_2729088	0.408188968286634
S7H_2729133	0.377844087922533
S7H_3161175	0.550509844872218
S7H_3376008	0.245208623303838
S7H_3639233	0.197844877987391
S7H_3639272	0.148103521822227
S7H_3883553	0.164716800023727
S7H_3959954	0.23737893971553
S7H_3964741	0.387799237818739
S7H_4148886	0.232492972775238
S7H_4272746	0.523805294208787
S7H_4401438	0.379861847747501
S7H_4539671	0.165597765343797
S7H_4691365	0.205525609679213
S7H_4693422	0.249518709613503
S7H_4860166	0.18682170858288
S7H_5104432	0.265290263565083
S7H_5104454	0.265290263565083
S7H_5814566	0.126725449560332
S7H_6475135	0.348592406458291
S7H_6475182	0.350547345695334
S7H_6585483	0.272213297268755
S7H_6878129	0.393740196841998
S7H_7852445	0.433038334535364
S7H_8237913	0.434101110355019
S7H_8956980	0.515775605399648
S7H_9988306	0.21797961901735
S7H_10227025	0.429404972774187
S7H_10244358	0.139024319996738
S7H_10670370	0.351099061824079
S7H_10759212	0.242066461880943
S7H_10836249	0.353509872028288
S7H_10836284	0.354675253108953
S7H_11042702	0.415497946719291
S7H_12249341	0.260841628339024
S7H_12511989	0.264047253870579
S7H_12912481	0.223767054809266
S7H_12912771	0.395885435302693
S7H_13485647	0.128105991158358
S7H_13843202	0.237451551292335
S7H_14061427	0.408566060353815
S7H_14270732	0.273822312868235
S7H_14552270	0.314080794203522
S7H_14552274	0.313722808389876
S7H_14552276	0.313916720408444
S7H_15984583	0.226122736885862
S7H_16767593	0.173054959410824
S7H_16770593	0.178657748872102
S7H_16770666	0.379978328546149
S7H_17173422	0.372093305189637
S7H_17428164	0.390382665617904
S7H_19062631	0.416957725637447
S7H_19062675	0.404680787688763
S7H_19216211	0.352145131795366
S7H_19228778	0.338921953349454
S7H_19531024	0.311096948923995
S7H_19635748	0.331221199582944
S7H_21597630	0.33072460860933
S7H_21822741	0.353290923382143
S7H_22951676	0.257990995524629
S7H_23015216	0.368611707567245
S7H_23189641	0.252546052130205
S7H_23511381	0.359978736148772
S7H_24663316	0.427862650288623
S7H_24789999	0.259781025487333
S7H_24875619	0.341607372252753
S7H_24875691	0.339862151558759
S7H_25112915	0.193784816967546
S7H_25115582	0.360574843466886
S7H_25125545	0.284093086212625
S7H_25771178	0.306871618237818
S7H_25802789	0.517321947527741
S7H_25802802	0.520201239297797
S7H_26094351	0.392996557708588
S7H_26105636	0.307157776530011
S7H_26245762	0.375451194470205
S7H_28220437	0.346113695973488
S7H_28600428	0.434122827125605
S7H_28990842	0.364653253288611
S7H_29011509	0.389963163731738
S7H_29122783	0.18998456521984
S7H_29212313	0.281439082284945
S7H_29314468	0.398098117471022
S7H_29689553	0.409053764524565
S7H_29701622	0.477162890050355
S7H_29702928	0.353973790582224
S7H_29780591	0.0990817121801487
S7H_30287164	0.377313543517662
S7H_31598861	0.556798519131793
S7H_32341210	0.403628065816326
S7H_35987004	0.322909167447646
S7H_36083258	0.270046804045828
S7H_36083271	0.337550924643552
S7H_36248224	0.302687668382904
S7H_36518426	0.373439777068733
S7H_36518448	0.326423166463216
S7H_37780814	0.33902953335335
S7H_37951185	0.395439109924934
S7H_37951249	0.395439109924934
S7H_38646319	0.260344233139657
S7H_39341902	0.482917877059265
S7H_40216888	0.389791421638364
S7H_40709276	0.447684887849326
S7H_41790028	0.154057723754407
S7H_42187356	0.167999941214872
S7H_42187391	0.167999941214872
S7H_42911105	0.381244556028819
S7H_43054218	0.442072976844176
S7H_43304535	0.465357664668583
S7H_43520728	0.202344248079003
S7H_45077380	0.372118345362958
S7H_46609388	0.355366524105094
S7H_47144467	0.168591033916402
S7H_48207724	0.17507947294439
S7H_48207751	0.167191146567864
S7H_48207763	0.280092173472489
S7H_48915213	0.216604189405868
S7H_49378522	0.21446388814988
S7H_51955881	0.38562902820996
S7H_52391769	0.122438706052858
S7H_53503087	0.374278427880272
S7H_54055413	0.511479151245188
S7H_55912520	0.344928103025273
S7H_60554673	0.380762779259631
S7H_60831913	0.300206258886067
S7H_61400053	0.529323977193793
S7H_61585484	0.466945412596773
S7H_62044442	0.525702050712622
S7H_62047852	0.51086509594292
S7H_62050682	0.519366662652567
S7H_63131260	0.216279580808189
S7H_65967653	0.492311291445205
S7H_66152951	0.0994633068541969
S7H_66462897	0.389660909989987
S7H_66747604	0.498110145106885
S7H_68059314	0.335107689160164
S7H_70109537	0.3879023247914
S7H_72540776	0.273693714711531
S7H_76156440	0.311498624931248
S7H_76848557	0.231219437725979
S7H_77034375	0.393437938556599
S7H_77292614	0.384486724616394
S7H_78655705	0.515700711637462
S7H_78854030	0.208593857324185
S7H_79890312	0.414121930021735
S7H_86037679	0.415152958776035
S7H_86037685	0.415152958776035
S7H_88022109	0.233683033255055
S7H_88597955	0.221480245375238
S7H_89554775	0.141468499603538
S7H_90067551	0.359632390079307
S7H_93515639	0.513375380961833
S7H_93677641	0.536550541892731
S7H_94771363	0.256000301745639
S7H_95097688	0.392812914314006
S7H_97708678	0.445432362046644
S7H_101588463	0.247203707372408
S7H_104063576	0.388549399826427
S7H_104090793	0.409877743173769
S7H_104214756	0.323872197532257
S7H_108415053	0.258667162754307
S7H_113981632	0.140190160537917
S7H_121746366	0.458615103381297
S7H_121826926	0.175183887787659
S7H_121837056	0.30037275100612
S7H_122949113	0.211001533111703
S7H_132365669	0.195160378790702
S7H_134159766	0.394245340745251
S7H_134159792	0.247629518560148
S7H_134728579	0.187774820774938
S7H_141321333	0.275446207005104
S7H_153312807	0.498584084273798
S7H_158085316	0.206770978567567
S7H_158464769	0.362967430329112
S7H_158540547	0.562647435496322
S7H_162670151	0.42470299826135
S7H_172873067	0.24392778143111
S7H_194899516	0.21312781961182
S7H_195873751	0.2101159854586
S7H_197484191	0.11312624047746
S7H_212778792	0.448614400926471
S7H_239427207	0.411485090596121
S7H_239627460	0.313127960575324
S7H_243300734	0.390540200274992
S7H_266702612	0.549131331354978
S7H_276208977	0.531181139242044
S7H_278480760	0.460923874964151
S7H_362057039	0.440392001065698
S7H_403973455	0.488443921433984
S7H_404796986	0.346439118797193
S7H_405955599	0.382103459558278
S7H_407450520	0.243965373963733
S7H_433283285	0.240548134550817
S7H_433283412	0.25995017982436
S7H_433638044	0.187749156826645
S7H_440545400	0.441552162916981
S7H_440624262	0.325450131328685
S7H_441947323	0.366663939969518
S7H_443910088	0.243224193496099
S7H_444291121	0.386434420874596
S7H_444660805	0.414545048375953
S7H_446627343	0.494979917767408
S7H_446627347	0.305417165324781
S7H_457901964	0.116481272100479
S7H_460338857	0.163943132045917
S7H_464682236	0.319581128662664
S7H_464682250	0.278028272325499
S7H_465061146	0.408892057184681
S7H_465229387	0.486695019493101
S7H_468653926	0.404236897196939
S7H_477126333	0.343357192923573
S7H_482862555	0.37922157582794
S7H_488868000	0.124237453896622
S7H_490704046	0.300533080707585
S7H_493826983	0.16250830650466
S7H_495809901	0.188590529750635
S7H_496063112	0.351646576373275
S7H_496071717	0.176838556160805
S7H_500128383	0.403450554202553
S7H_502606934	0.54518796689338
S7H_502673588	0.247140085594905
S7H_503351699	0.384582852927946
S7H_505307812	0.412142681204544
S7H_517637995	0.264906937485007
S7H_517638001	0.268886921013189
S7H_518220965	0.167058419827232
S7H_518431479	0.320201548299854
S7H_518853935	0.171558684210748
S7H_520758870	0.255811363089876
S7H_526245935	0.250754330911188
S7H_533423454	0.156041703146465
S7H_534327198	0.264005420436739
S7H_535161748	0.339978402881934
S7H_537530733	0.206060969056158
S7H_540206298	0.313943740784387
S7H_540207348	0.390825779804056
S7H_542816281	0.255148475649104
S7H_543709598	0.233627628750479
S7H_546188720	0.407051990528331
S7H_547153385	0.328868224225599
S7H_547153601	0.20810859313505
S7H_552214872	0.149878978308939
S7H_554435026	0.222897088663891
S7H_555117144	0.410363023499225
S7H_555118181	0.390528715439494
S7H_555118206	0.390528715439494
S7H_567179005	0.177380088890818
S7H_568796011	0.44259554752841
S7H_569271266	0.515459715511076
S7H_569271275	0.515459715511076
S7H_569834890	0.388761931800766
S7H_570326208	0.199640999666117
S7H_570442874	0.10547649385569
S7H_571084279	0.20926902376224
S7H_571084489	0.153170440130394
S7H_571812305	0.182373357971802
S7H_572048526	0.415285305102896
S7H_576740156	0.162989174119543
S7H_577118487	0.354029614609918
S7H_577976892	0.179438250496996
S7H_578545247	0.422485160453482
S7H_578844073	0.175234214765229
S7H_579503351	0.360475369501461
S7H_579870099	0.193803733895322
S7H_580256422	0.465824437143236
S7H_580256489	0.415662607685372
S7H_580304407	0.459306560348539
S7H_583343273	0.306772187691836
S7H_583400142	0.437252536935045
S7H_583495426	0.265318824067953
S7H_583519378	0.125366219626303
S7H_583636274	0.344247970337133
S7H_584081670	0.394967867519464
S7H_586298075	0.161426658153343
S7H_586454883	0.3903436214958
S7H_586567842	0.417432220275984
S7H_587793264	0.29403028052362
S7H_587897295	0.441722060098046
S7H_588938702	0.238061201888495
S7H_588983164	0.173882476734027
S7H_589170652	0.25511729473507
S7H_589278606	0.384281152916795
S7H_589429606	0.325654023449571
S7H_592222491	0.448164143212173
S7H_592793323	0.344442330648181
S7H_593641545	0.439425564348906
S7H_595279807	0.337019217637973
S7H_595524187	0.202207999034245
S7H_595547373	0.194249259060176
S7H_595757397	0.2619274850429
S7H_596797953	0.372585947393143
S7H_596803536	0.343764620956055
S7H_597617911	0.285240205500154
S7H_597639307	0.161096265618737
S7H_597762826	0.41761575785027
S7H_598568744	0.385110047751024
S7H_598827227	0.386268952922601
S7H_598848683	0.231619169051748
S7H_599949271	0.247805501958147
S7H_600830245	0.268871307530066
S7H_601343478	0.389315437702312
S7H_601974246	0.186391370052991
S7H_601974330	0.160387713578073
S7H_601976076	0.115353026745923
S7H_602711160	0.314393051891128
S7H_603320710	0.115353026745923
S7H_603490749	0.388568657081955
S7H_603607108	0.516098384648075
S7H_603978973	0.181155647820749
S7H_603978994	0.326695008377724
S7H_604384360	0.399962861318395
S7H_604394290	0.15513014956122
S7H_604917662	0.259954152756486
S7H_606171779	0.236383138079026
S7H_606919454	0.381702657354049
S7H_607378182	0.272453182197109
S7H_607758676	0.289433054323867
S7H_608362560	0.179809659861432
S7H_609553535	0.347560095821898
S7H_610167279	0.485993599472839
S7H_610704904	0.367661902981313
S7H_610778459	0.317465108833191
S7H_610879922	0.310918411401141
S7H_611423148	0.380822819283404
S7H_611617297	0.477138244792262
S7H_611617320	0.553975309061002
S7H_612903145	0.550554348845978
S7H_613467714	0.360998657147922
S7H_613467724	0.355366804197659
S7H_613840334	0.183076212956888
S7H_615173584	0.320551021545897
S7H_615175824	0.302187930062312
S7H_615553900	0.233163113513604
S7H_616607381	0.319005824820591
S7H_616612572	0.377983662174746
S7H_616614086	0.293153350281744
S7H_616614123	0.418035806609099
S7H_616778909	0.443650255357342
S7H_616778930	0.440195385767464
S7H_616962289	0.280799748161659
S7H_618282093	0.399197543632001
S7H_618831239	0.399703143152775
S7H_618832655	0.397755265764368
S7H_618922990	0.288466310868349
S7H_621794158	0.365597174338296
S7H_621816014	0.412931182877757
S7H_622714235	0.428070998560757
S7H_623065963	0.390637435984048
S7H_623851334	0.281530858545752
S7H_625045399	0.406041381057002
S7H_625981019	0.398825865555354
S7H_626328772	0.223295777179905
S7H_626328788	0.268455212106225
S7H_626334568	0.289042299060296
S7H_626334584	0.228768990389865
S7H_626370036	0.45336583088568
S7H_626370079	0.283828498105278
S7H_626843457	0.309763151021107
S7H_626851042	0.156969182516344
S7H_627035888	0.373240101750743
S7H_627512415	0.365290776746807
S7H_627654938	0.376079714540618
S7H_627654984	0.372506067528951
S7H_627810861	0.173054959410824
S7H_627834332	0.345266110204907
S7H_627884810	0.309136206301511
S7H_627884816	0.309136206301511
S7H_628143257	0.227737553917439
S7H_628276280	0.379890170367025
S7H_628367589	0.329925181903572
S7H_630157200	0.304734617284147
S7H_630722557	0.307815345035921
S7H_631396215	0.379299908855892
S7H_631563921	0.551397055649233
S7H_632332195	0.316540496101998
S7H_633268222	0.408060912310322
S7H_633268312	0.402724377647278
S7H_633268939	0.47042221008826
S7H_633268971	0.479432400265266
S7H_634292227	0.514675720393884
